{"cameraMode":{"drawMode":0,"name":"Shaded","section":"Shading Mode"},"sceneLighting":false,"audioPlay":false,"sceneViewState":{"showFog":true,"showMaterialUpdate":false,"showSkybox":true,"showFlares":true,"showImageEffects":true,"showParticleSystems":true},"in2DMode":false,"pivot":{"x":-2.187835693359375,"y":-1.5221433639526368,"z":-42.86855697631836},"rotation":{"x":-0.28079482913017275,"y":0.7000225186347961,"z":-0.35647478699684145,"w":-0.5514059066772461},"size":6.919269561767578,"orthographic":false}