{"cameraMode":{"drawMode":0,"name":"Shaded","section":"Shading Mode"},"sceneLighting":false,"audioPlay":false,"sceneViewState":{"showFog":true,"showMaterialUpdate":false,"showSkybox":true,"showFlares":true,"showImageEffects":true,"showParticleSystems":true},"in2DMode":false,"pivot":{"x":-1.7123451232910157,"y":-1.649643898010254,"z":10.144973754882813},"rotation":{"x":0.2065201699733734,"y":-0.32145071029663088,"z":0.07205365598201752,"w":0.9213181734085083},"size":31.673154830932618,"orthographic":false}