{"cameraMode":{"drawMode":0,"name":"Shaded","section":"Shading Mode"},"sceneLighting":false,"audioPlay":false,"sceneViewState":{"showFog":true,"showMaterialUpdate":false,"showSkybox":true,"showFlares":true,"showImageEffects":true,"showParticleSystems":true},"in2DMode":false,"pivot":{"x":0.006212353706359863,"y":-0.0014980733394622803,"z":-0.07450282573699951},"rotation":{"x":-0.02944614738225937,"y":-0.9639602899551392,"z":0.12064608931541443,"w":-0.23528294265270234},"size":3.273665428161621,"orthographic":false}