{"cameraMode":{"drawMode":0,"name":"Shaded","section":"Shading Mode"},"sceneLighting":false,"audioPlay":false,"sceneViewState":{"showFog":true,"showMaterialUpdate":false,"showSkybox":true,"showFlares":true,"showImageEffects":true,"showParticleSystems":true},"in2DMode":false,"pivot":{"x":16.370887756347658,"y":0.3312091827392578,"z":7.869244575500488},"rotation":{"x":-0.17701709270477296,"y":0.7369298934936523,"z":-0.21136172115802766,"w":-0.6171916723251343},"size":22.0,"orthographic":false}