{"cameraMode":{"drawMode":0,"name":"Shaded","section":"Shading Mode"},"sceneLighting":false,"audioPlay":false,"sceneViewState":{"showFog":true,"showMaterialUpdate":false,"showSkybox":true,"showFlares":true,"showImageEffects":true,"showParticleSystems":true},"in2DMode":false,"pivot":{"x":-29.95456314086914,"y":18.930049896240236,"z":41.80607986450195},"rotation":{"x":0.11370056867599487,"y":-0.6581174731254578,"z":0.10148528963327408,"w":0.7373292446136475},"size":3.105509042739868,"orthographic":false}