{"cameraMode":{"drawMode":0,"name":"Shaded","section":"Shading Mode"},"sceneLighting":false,"audioPlay":false,"sceneViewState":{"showFog":true,"showMaterialUpdate":false,"showSkybox":true,"showFlares":true,"showImageEffects":true,"showParticleSystems":true},"in2DMode":false,"pivot":{"x":24.08205223083496,"y":0.16930067539215089,"z":-36.457908630371097},"rotation":{"x":0.1710616648197174,"y":-0.7489885687828064,"z":0.21214139461517335,"w":0.6039454936981201},"size":1.3578839302062989,"orthographic":false}