{"cameraMode":{"drawMode":0,"name":"Shaded","section":"Shading Mode"},"sceneLighting":false,"audioPlay":false,"sceneViewState":{"showFog":true,"showMaterialUpdate":false,"showSkybox":true,"showFlares":true,"showImageEffects":true,"showParticleSystems":true},"in2DMode":false,"pivot":{"x":-0.9963028430938721,"y":0.9859217405319214,"z":0.5035533905029297},"rotation":{"x":0.07302895188331604,"y":-0.644818127155304,"z":0.06209849938750267,"w":0.7583009004592896},"size":5.132699012756348,"orthographic":false}