{"cameraMode":{"drawMode":0,"name":"Shaded","section":"Shading Mode"},"sceneLighting":false,"audioPlay":false,"sceneViewState":{"showFog":true,"showMaterialUpdate":false,"showSkybox":true,"showFlares":true,"showImageEffects":true,"showParticleSystems":true},"in2DMode":false,"pivot":{"x":17.18425178527832,"y":0.38999998569488528,"z":8.5},"rotation":{"x":-0.17701709270477296,"y":0.7369298934936523,"z":-0.21136172115802766,"w":-0.6171916723251343},"size":2.800095558166504,"orthographic":false}