{"cameraMode":{"drawMode":0,"name":"Shaded","section":"Shading Mode"},"sceneLighting":false,"audioPlay":false,"sceneViewState":{"showFog":true,"showMaterialUpdate":false,"showSkybox":true,"showFlares":true,"showImageEffects":true,"showParticleSystems":true},"in2DMode":false,"pivot":{"x":24.098297119140626,"y":18.81293296813965,"z":19.698163986206056},"rotation":{"x":-0.19635425508022309,"y":0.3653199076652527,"z":-0.07913347333669663,"w":-0.9064901471138},"size":2.828545093536377,"orthographic":false}