{"cameraMode":{"drawMode":0,"name":"Shaded","section":"Shading Mode"},"sceneLighting":false,"audioPlay":false,"sceneViewState":{"showFog":true,"showMaterialUpdate":false,"showSkybox":true,"showFlares":true,"showImageEffects":true,"showParticleSystems":true},"in2DMode":false,"pivot":{"x":-6.172514915466309,"y":-1.3183114528656006,"z":-8.722562789916993},"rotation":{"x":0.16630208492279054,"y":-0.48152121901512148,"z":0.0936104953289032,"w":0.8554052114486694},"size":11.541861534118653,"orthographic":false}