{"cameraMode":{"drawMode":0,"name":"Shaded","section":"Shading Mode"},"sceneLighting":false,"audioPlay":false,"sceneViewState":{"showFog":true,"showMaterialUpdate":false,"showSkybox":true,"showFlares":true,"showImageEffects":true,"showParticleSystems":true},"in2DMode":false,"pivot":{"x":-4.045260429382324,"y":-2.278130531311035,"z":6.586858749389648},"rotation":{"x":0.2065201699733734,"y":-0.32145071029663088,"z":0.07205365598201752,"w":0.9213181734085083},"size":14.628787994384766,"orthographic":false}