{"cameraMode":{"drawMode":0,"name":"Shaded","section":"Shading Mode"},"sceneLighting":false,"audioPlay":false,"sceneViewState":{"showFog":true,"showMaterialUpdate":false,"showSkybox":true,"showFlares":true,"showImageEffects":true,"showParticleSystems":true},"in2DMode":false,"pivot":{"x":33.7131462097168,"y":1.0009336471557618,"z":28.320634841918947},"rotation":{"x":0.21421383321285249,"y":-0.4791954755783081,"z":0.12185279279947281,"w":0.842399001121521},"size":24.044301986694337,"orthographic":false}