{"cameraMode":{"drawMode":0,"name":"Shaded","section":"Shading Mode"},"sceneLighting":false,"audioPlay":false,"sceneViewState":{"showFog":true,"showMaterialUpdate":false,"showSkybox":true,"showFlares":true,"showImageEffects":true,"showParticleSystems":true},"in2DMode":false,"pivot":{"x":-10.37451171875,"y":0.4077376425266266,"z":14.971343994140625},"rotation":{"x":0.15224629640579225,"y":-0.4402925372123718,"z":0.07603566348552704,"w":0.8815793991088867},"size":1.3590232133865357,"orthographic":false}