{"cameraMode":{"drawMode":0,"name":"Shaded","section":"Shading Mode"},"sceneLighting":false,"audioPlay":false,"sceneViewState":{"showFog":true,"showMaterialUpdate":false,"showSkybox":true,"showFlares":true,"showImageEffects":true,"showParticleSystems":true},"in2DMode":false,"pivot":{"x":31.92788314819336,"y":18.266136169433595,"z":-29.845966339111329},"rotation":{"x":-0.004470507148653269,"y":0.9949629306793213,"z":-0.08559287339448929,"w":-0.0519869402050972},"size":1.6038442850112916,"orthographic":false}