{"cameraMode":{"drawMode":0,"name":"Shaded","section":"Shading Mode"},"sceneLighting":false,"audioPlay":false,"sceneViewState":{"showFog":true,"showMaterialUpdate":false,"showSkybox":true,"showFlares":true,"showImageEffects":true,"showParticleSystems":true},"in2DMode":false,"pivot":{"x":0.3940766453742981,"y":0.22870534658432008,"z":0.07537372410297394},"rotation":{"x":0.19814574718475343,"y":-0.724818766117096,"z":0.2325887382030487,"w":0.6174775958061218},"size":1.3799548149108887,"orthographic":false}