{"cameraMode":{"drawMode":0,"name":"Shaded","section":"Shading Mode"},"sceneLighting":false,"audioPlay":false,"sceneViewState":{"showFog":true,"showMaterialUpdate":false,"showSkybox":true,"showFlares":true,"showImageEffects":true,"showParticleSystems":true},"in2DMode":false,"pivot":{"x":45.24867248535156,"y":26.495079040527345,"z":-38.30857467651367},"rotation":{"x":-0.17701709270477296,"y":0.7369298934936523,"z":-0.21136172115802766,"w":-0.6171916723251343},"size":22.0,"orthographic":false}