{"cameraMode":{"drawMode":0,"name":"Shaded","section":"Shading Mode"},"sceneLighting":false,"audioPlay":false,"sceneViewState":{"showFog":true,"showMaterialUpdate":false,"showSkybox":true,"showFlares":true,"showImageEffects":true,"showParticleSystems":true},"in2DMode":false,"pivot":{"x":0.059962499886751178,"y":1.789229393005371,"z":-1.217049241065979},"rotation":{"x":0.00094326410908252,"y":0.9961323738098145,"z":-0.08719915896654129,"w":0.010756297037005425},"size":2.8866426944732668,"orthographic":false}