{"cameraMode":{"drawMode":0,"name":"Shaded","section":"Shading Mode"},"sceneLighting":false,"audioPlay":false,"sceneViewState":{"showFog":true,"showMaterialUpdate":false,"showSkybox":true,"showFlares":true,"showImageEffects":true,"showParticleSystems":true},"in2DMode":false,"pivot":{"x":-4.687488555908203,"y":-1.6836614608764649,"z":7.7606353759765629},"rotation":{"x":0.2065201699733734,"y":-0.32145071029663088,"z":0.07205365598201752,"w":0.9213181734085083},"size":15.876029968261719,"orthographic":false}