{"cameraMode":{"drawMode":0,"name":"Shaded","section":"Shading Mode"},"sceneLighting":false,"audioPlay":false,"sceneViewState":{"showFog":true,"showMaterialUpdate":false,"showSkybox":true,"showFlares":true,"showImageEffects":true,"showParticleSystems":true},"in2DMode":false,"pivot":{"x":-2.682209014892578e-7,"y":0.16043928265571595,"z":2.384185791015625e-7},"rotation":{"x":0.25420016050338747,"y":-0.08372250199317932,"z":0.022092120721936227,"w":0.9632677435874939},"size":2.247483491897583,"orthographic":false}