{"cameraMode":{"drawMode":0,"name":"Shaded","section":"Shading Mode"},"sceneLighting":false,"audioPlay":false,"sceneViewState":{"showFog":true,"showMaterialUpdate":false,"showSkybox":true,"showFlares":true,"showImageEffects":true,"showParticleSystems":true},"in2DMode":false,"pivot":{"x":-0.7481492757797241,"y":-0.02090132236480713,"z":-0.8349623680114746},"rotation":{"x":-0.049558673053979877,"y":0.9393019080162048,"z":-0.153816357254982,"w":-0.30264905095100405},"size":3.87805438041687,"orthographic":false}