{"cameraMode":{"drawMode":0,"name":"Shaded","section":"Shading Mode"},"sceneLighting":false,"audioPlay":false,"sceneViewState":{"showFog":true,"showMaterialUpdate":false,"showSkybox":true,"showFlares":true,"showImageEffects":true,"showParticleSystems":true},"in2DMode":false,"pivot":{"x":41.163387298583987,"y":10.119997024536133,"z":-49.306610107421878},"rotation":{"x":-0.24617737531661988,"y":0.1539044827222824,"z":-0.039627425372600558,"w":-0.9561066031455994},"size":22.0,"orthographic":false}