{"cameraMode":{"drawMode":0,"name":"Shaded","section":"Shading Mode"},"sceneLighting":false,"audioPlay":false,"sceneViewState":{"showFog":true,"showMaterialUpdate":false,"showSkybox":true,"showFlares":true,"showImageEffects":true,"showParticleSystems":true},"in2DMode":false,"pivot":{"x":0.0,"y":0.8659254312515259,"z":-0.07776057720184326},"rotation":{"x":0.2065201699733734,"y":-0.32145071029663088,"z":0.07205365598201752,"w":0.9213181734085083},"size":3.8982772827148439,"orthographic":false}