{"cameraMode":{"drawMode":0,"name":"Shaded","section":"Shading Mode"},"sceneLighting":false,"audioPlay":false,"sceneViewState":{"showFog":true,"showMaterialUpdate":false,"showSkybox":true,"showFlares":true,"showImageEffects":true,"showParticleSystems":true},"in2DMode":false,"pivot":{"x":1.2810001373291016,"y":0.47326862812042239,"z":18.167999267578126},"rotation":{"x":-0.2757222652435303,"y":0.09697025269269943,"z":-0.027970444411039354,"w":-0.9559245109558106},"size":2.1906769275665285,"orthographic":false}