{"cameraMode":{"drawMode":0,"name":"Shaded","section":"Shading Mode"},"sceneLighting":false,"audioPlay":false,"sceneViewState":{"showFog":true,"showMaterialUpdate":false,"showSkybox":true,"showFlares":true,"showImageEffects":true,"showParticleSystems":true},"in2DMode":false,"pivot":{"x":35.315834045410159,"y":1.5198678970336915,"z":28.619842529296876},"rotation":{"x":0.1710616648197174,"y":-0.7489885687828064,"z":0.21214139461517335,"w":0.6039454936981201},"size":2.700059175491333,"orthographic":false}