{"cameraMode":{"drawMode":0,"name":"Shaded","section":"Shading Mode"},"sceneLighting":false,"audioPlay":false,"sceneViewState":{"showFog":true,"showMaterialUpdate":false,"showSkybox":true,"showFlares":true,"showImageEffects":true,"showParticleSystems":true},"in2DMode":false,"pivot":{"x":-0.11097344756126404,"y":1.5815576314926148,"z":-0.8718576431274414},"rotation":{"x":-0.01224451046437025,"y":0.9735727310180664,"z":-0.22161249816417695,"w":-0.0537983700633049},"size":4.24523401260376,"orthographic":false}