{"cameraMode":{"drawMode":0,"name":"Shaded","section":"Shading Mode"},"sceneLighting":false,"audioPlay":false,"sceneViewState":{"showFog":true,"showMaterialUpdate":false,"showSkybox":true,"showFlares":true,"showImageEffects":true,"showParticleSystems":true},"in2DMode":false,"pivot":{"x":0.19909512996673585,"y":-0.04943571984767914,"z":-0.48972558975219729},"rotation":{"x":-0.02944614738225937,"y":-0.9639602899551392,"z":0.12064608931541443,"w":-0.23528294265270234},"size":2.2977240085601808,"orthographic":false}