{"cameraMode":{"drawMode":0,"name":"Shaded","section":"Shading Mode"},"sceneLighting":false,"audioPlay":false,"sceneViewState":{"showFog":true,"showMaterialUpdate":false,"showSkybox":true,"showFlares":true,"showImageEffects":true,"showParticleSystems":true},"in2DMode":false,"pivot":{"x":-5.448065757751465,"y":-3.8802003860473635,"z":5.832075119018555},"rotation":{"x":0.2065201699733734,"y":-0.32145071029663088,"z":0.07205365598201752,"w":0.9213181734085083},"size":15.712860107421875,"orthographic":false}