{"cameraMode":{"drawMode":0,"name":"Shaded","section":"Shading Mode"},"sceneLighting":false,"audioPlay":false,"sceneViewState":{"showFog":true,"showMaterialUpdate":false,"showSkybox":true,"showFlares":true,"showImageEffects":true,"showParticleSystems":true},"in2DMode":false,"pivot":{"x":26.138473510742189,"y":19.225297927856447,"z":18.55828094482422},"rotation":{"x":0.12818242609500886,"y":-0.40616220235824587,"z":0.05765577405691147,"w":0.9029271602630615},"size":3.7974817752838136,"orthographic":false}