{"cameraMode":{"drawMode":0,"name":"Shaded","section":"Shading Mode"},"sceneLighting":false,"audioPlay":false,"sceneViewState":{"showFog":true,"showMaterialUpdate":false,"showSkybox":true,"showFlares":true,"showImageEffects":true,"showParticleSystems":true},"in2DMode":false,"pivot":{"x":12.030603408813477,"y":0.171131432056427,"z":-18.430652618408204},"rotation":{"x":0.1710616648197174,"y":-0.7489885687828064,"z":0.21214139461517335,"w":0.6039454936981201},"size":73.32470703125,"orthographic":false}