{"cameraMode":{"drawMode":0,"name":"Shaded","section":"Shading Mode"},"sceneLighting":false,"audioPlay":false,"sceneViewState":{"showFog":true,"showMaterialUpdate":false,"showSkybox":true,"showFlares":true,"showImageEffects":true,"showParticleSystems":true},"in2DMode":false,"pivot":{"x":12.030603408813477,"y":0.171131432056427,"z":-18.430652618408204},"rotation":{"x":0.22766092419624329,"y":-0.23784692585468293,"z":0.05745046213269234,"w":0.9424960613250732},"size":73.32470703125,"orthographic":false}